"Represented.Test.Vehicle.Make","Represented.Test.Vehicle.Model","Emission_Emitted"
"A123 SYSTEMS","Hymotion PHEV Prius",0.06
"ACURA","ILX",1.83
"ACURA","ILX HYBRID",3.12
"ACURA","MDX 4WD",3.69
"ACURA","MDX AWD",0.917
"ACURA","NSX",0.92
"ACURA","RDX AWD",0.77
"ACURA","RDX AWD A-SPEC",0.72
"ACURA","RDX BASE/TECH",1.1
"ACURA","RL",4.06
"ACURA","RLX",1.28
"ACURA","RLX HYBRID",1.31
"ACURA","TL 2WD",2.88
"ACURA","TL 4WD",2.06
"ACURA","TLX",4.36
"ACURA","TSX",1.15
"ACURA","TSX Premium",4.16
"ACURA","ZDX 4WD",4.62
"ALFA ROMEO","4C",1.75
"ALFA ROMEO","8C Competizione",0.781
"ALFA ROMEO","8C Spider",3.38
"ALFA ROMEO","Giulia",2.11
"ALFA ROMEO","Giulia AWD",4.57
"ALFA ROMEO","Stelvio AWD",2.53
"ASTON MARTIN","DB11",3.2
"ASTON MARTIN","DB11 V8",0.7
"ASTON MARTIN","DB9",3.8
"ASTON MARTIN","DBS",1.6
"ASTON MARTIN","one77",1.33
"ASTON MARTIN","Taraf",1.12
"ASTON MARTIN","V12 Vantage S",1.7
"ASTON MARTIN","V8 Vantage",3.5
"ASTON MARTIN","V8 VANTAGE",2.41
"ASTON MARTIN","V8 VANTAGE S",2.8
"ASTON MARTIN","Zagato",0.87
"AUDI","A3",2.41
"AUDI","A3 e-tron",0.44
"AUDI","A4",2.15
"AUDI","A4 Allroad",0.533
"AUDI","A5",1.28
"AUDI","A5 quattro",2.95
"AUDI","A6 quattro",1.63
"AUDI","A6 QUATTRO",0.86
"AUDI","A6 Quattro (C8)",0.587
"AUDI","A7",0.438
"AUDI","A8",1.48
"AUDI","A8 L",3.06
"AUDI","A8L",2.77
"AUDI","Audi A6",0.9
"AUDI","Audi A8 W12",1.64
"AUDI","e-tron 55 quattro",0
"AUDI","EOS",2.24
"AUDI","Q3",2.85
"AUDI","Q5",3.08
"AUDI","Q5 Hybrid",1.63
"AUDI","Q7",6.53
"AUDI","Q8",1.15
"AUDI","R8",3.015
"AUDI","RS3",1.803
"AUDI","RS4 CABRIOLET",3.81
"AUDI","RS5",2.3
"AUDI","S4",2.02
"AUDI","S8",2.01
"AUDI","SQ5",2.07
"AUDI","TIGUAN 4MOTION",4.35
"AUDI","TT COUPE QUATTRO",2.07
"AUDI","TT RS",2.08
"AUDI","TTRS",2.89
"BAYTECH CORPORATION","G2500 EXPRESS CONV 2WD CARGO",0.43
"BAYTECH CORPORATION","K3500 SIERRA 4WD  Pick-up",0.82
"BENTLEY","Arnage",2.54
"BENTLEY","Bentayga",1.42
"BENTLEY","Continental GT",4.87
"BENTLEY","Continental GT Supersports",3.528
"BENTLEY","CONTINENTAL GTC",2.96
"BENTLEY","Continental Supersports",3.205
"BENTLEY","Flying Spur",0.66
"BENTLEY","Mulsanne",4.47
"BENTLEY","Mulsanne Speed",4.63
"BMW","128i",0.21
"BMW","2006 BMW M3",0.86
"BMW","328 Ci Convertible",0.37
"BMW","328d xDrive Sports Wagon",0.08
"BMW","328i xDrive",0.68
"BMW","330 XI",1.6
"BMW","330e",0.49
"BMW","335d",0.14
"BMW","335i xDrive",0.25
"BMW","335is Convertible",0.26
"BMW","428i xDrive Convertible",0.8
"BMW","430i xDrive Convertible",0.46
"BMW","440i xDrive Convertible",0.46
"BMW","530e xDrive",0.56
"BMW","535d xDrive",0.06
"BMW","535i Gran Turismo",1.2
"BMW","535i xDrive Gran Turismo",0.78
"BMW","535xi sport wagon",0.27
"BMW","540d xDrive",0.12
"BMW","540i xDrive",0.24
"BMW","550i xDrive Gran Turismo",3.32
"BMW","640i xDrive Gran Turismo",1
"BMW","740e xDrive",0.89
"BMW","740i",0.53
"BMW","740i xDrive",1.26
"BMW","740Ld xDrive",0.08
"BMW","740Li",0.49
"BMW","745e xDrive",1.05
"BMW","750i",1.05
"BMW","750i xDrive",0.7
"BMW","750Li",1.7
"BMW","760Li",1.07
"BMW","ActiveHybrid 3",1.97
"BMW","ActiveHybrid 5",0.86
"BMW","ActiveHybrid 7",0.53
"BMW","ActiveHybrid 7 L",1.88
"BMW","ActiveHybrid X6",2.35
"BMW","Alpina B7 LWB xDrive",1.45
"BMW","Alpina B7 xDrive",1.73
"BMW","I3 REX",4.35
"BMW","I3s REX",1.01
"BMW","I8",1.39
"BMW","I8 Roadster",1.37
"BMW","M240i xDrive Convertible",0.53
"BMW","M240i xRive Convertible",0.51
"BMW","M3",0.37
"BMW","M3 Convertible",1.92
"BMW","M3 CRT",0.31
"BMW","M4 Convertible",0.94
"BMW","M4 Coupe",0.67
"BMW","M4 GTS",0.6
"BMW","M5",0.34
"BMW","M6 Convertible",1.53
"BMW","M760i xDrive",1.79
"BMW","X1 xDrive28i",4.75
"BMW","X2 xDrive 28i",1.15
"BMW","X3 M",0.26
"BMW","X3 xDrive 28d",0.05
"BMW","X3 xDrive28i",1.8
"BMW","X3 xDrive30i",1.63
"BMW","X3 xDrive35i",1.37
"BMW","X4 M40i",0.93
"BMW","X4 xDrive 28i",2.28
"BMW","X4 xDrive30i",0.65
"BMW","X4 xDrive35i",2.01
"BMW","X5 M",1.18
"BMW","X5 xDrive 35d",0.05
"BMW","X5 xDrive 50i",2.18
"BMW","X5 xDrive30i",2.83
"BMW","X5 xDrive35d",0.12
"BMW","X5 xDrive35i",2.48
"BMW","X5 xDrive40e",3.6
"BMW","X5 xDrive48i",3.59
"BMW","X5 xDrive50i",1.84
"BMW","X5 xDriveM",1.58
"BMW","X6 xDrive 35i",0.87
"BMW","X6 xDrive 50i",1.08
"BMW","X6 xDrive35i",0.34
"BMW","X6 xDrive50i",1.542
"BMW","X7 M50i",1.09
"BMW","X7 xDrive40i",0.54
"BMW","X7 xDrive50i",0.86
"BMW","Z4",0.36
"BMW","Z4 sDrive35is",1.25
"BUGATTI","Bugatti Chiron",3.44
"BUGATTI","Veyron",0.351
"BUGATTI","Veyron Super Sport",0.84
"BUICK","4HP69",2.99
"BUICK","CASCADA",7.84
"BUICK","ENCLAVE AWD",6.18
"BUICK","ENCORE AWD",5.1528
"BUICK","ENVISION AWD",3.94
"BUICK","LACROSSE",5.61
"BUICK","LACROSSE AWD",2.7
"BUICK","REGAL",3.59
"BUICK","REGAL AWD",1.9447
"BUICK","TR14526",9.37
"CADILLAC","6C10706",2.8
"CADILLAC","6DE26",2.99
"CADILLAC","6DM69",1.69
"CADILLAC","6DN69",7.98
"CADILLAC","6KJ69",2.73
"CADILLAC","6NG26",2.76
"CADILLAC","6NL26",3.8
"CADILLAC","ATS-V",1.98
"CADILLAC","CT5 AWD",3.8
"CADILLAC","CT6",1.24
"CADILLAC","CT6 AWD",1.82
"CADILLAC","CT6 HYBRID",4.07
"CADILLAC","CTS-V",1.7
"CADILLAC","CTS AWD",2.95
"CADILLAC","CTS SEDAN AWD",2.55
"CADILLAC","CTS WAGON",7.51
"CADILLAC","ELR",2.83
"CADILLAC","Escalade",0.54
"CADILLAC","SRX 2WD",5.1
"CADILLAC","SRX AWD",4.12
"CADILLAC","TC10706",6.16
"CADILLAC","XT4 AWD",0.98
"CADILLAC","XT5 AWD",4.2
"CADILLAC","XTS",2.9
"CADILLAC","XTS AWD",5.13
"CADILLAC","XTS HEARSE",4.65
"CHEVROLET","1AL69",3.71
"CHEVROLET","1AU46",2.39
"CHEVROLET","1ES37",9.75
"CHEVROLET","1TD48",8.02
"CHEVROLET","1YY07",6.4
"CHEVROLET","1YY87",7.59
"CHEVROLET","1ZF69",6.34
"CHEVROLET","1ZK69",5.13
"CHEVROLET","C15 Silverado 2009 MY",0.71
"CHEVROLET","CAMARO",4.12
"CHEVROLET","CAPRICE PPV",3.43
"CHEVROLET","CC10903",9.1
"CHEVROLET","CC10906",5.33
"CHEVROLET","CG33406",8.43
"CHEVROLET","CK20903",4.48
"CHEVROLET","COLORADO 4WD",7.1348
"CHEVROLET","COLORADO ZR2 4WD",0.06
"CHEVROLET","corvette",1.06
"CHEVROLET","CORVETTE",3.01
"CHEVROLET","Cruze",0.54
"CHEVROLET","CRUZE",6.86
"CHEVROLET","Cruze (2014 MY)",0.26
"CHEVROLET","CS15653",7.09
"CHEVROLET","EQUINOX AWD",9.77
"CHEVROLET","EQUINOX FWD",2.5
"CHEVROLET","Express 2500 Passenger Van",1.17
"CHEVROLET","Express 3500 Ext. WB Cargo",1.25
"CHEVROLET","Express Van",1.18
"CHEVROLET","G2500 Express Van",2.09
"CHEVROLET","G2500 Van 2WD Cargo",2.63
"CHEVROLET","G3500 EXPRESS 2WD CARGO",5.44
"CHEVROLET","G3500 Express 2WD Cutaway CH",5.978
"CHEVROLET","G3500 EXPRESS 2WD CUTAWAY CH",23.11
"CHEVROLET","G3500 EXPRESS 2WD PASS",0.23
"CHEVROLET","G3500 EXPRESS CONV 2WD CARGO",6.66
"CHEVROLET","Impala",0.75
"CHEVROLET","IMPALA",4.11
"CHEVROLET","K10 SILVERADO 4WD",1.36
"CHEVROLET","K15 SILVERADO 4WD",1.93
"CHEVROLET","K1500 SUBURBAN 4WD",1.99
"CHEVROLET","K25 SILVERADO 4WD",2.02
"CHEVROLET","K25SLVRADO4WD",2.81
"CHEVROLET","K35 CHEV CAB CHASSIS 4WD",0.24
"CHEVROLET","K35 Silverado 4WD",0.351
"CHEVROLET","K35 SILVERADO 4WD",1.96
"CHEVROLET","MALIBU",5.6
"CHEVROLET","RN15306",3.82
"CHEVROLET","Silverado",1.48
"CHEVROLET","SILVERADO",1.25
"CHEVROLET","Silverado 1500",0.99
"CHEVROLET","Silverado 1500 2WD Crew Cab LT",0.95
"CHEVROLET","Silverado 2500",1.2
"CHEVROLET","Silverado 2500 HD",1.51
"CHEVROLET","Silverado 2500HD",2.2
"CHEVROLET","Silverado 2500HD 4WD",2.36
"CHEVROLET","Silverado 3500HD",3.25
"CHEVROLET","SILVERADO 4WD",0.32
"CHEVROLET","SILVERADO 4WD CAB CHAS",1.57
"CHEVROLET","Silverado HD2500 2WD",1.27
"CHEVROLET","Silverado LT",2.15
"CHEVROLET","SONIC",0.96
"CHEVROLET","SONIC 5",0.88
"CHEVROLET","SPARK",5.4
"CHEVROLET","SPARK ACTIV",1.15
"CHEVROLET","SS",1.46
"CHEVROLET","Tahoe",1.34
"CHEVROLET","Tahoe 2013 MY",1.652
"CHEVROLET","TRAVERSE",3.42
"CHEVROLET","TRAVERSE AWD",9.28
"CHEVROLET","VOLT",2.05
"CHEVROLET","ZZS69",0.34
"CHEVY","Caprice PPV",0.78
"CHEVY","Silverado 2500HD",0.9
"CHRYSLER","1999 JEEP CHEROKEE",0.15
"CHRYSLER","200",2.02
"CHRYSLER","2000 JEEP CHEROKEE",1.16
"CHRYSLER","300",2.53
"CHRYSLER","300 (2013 MY)",0.5
"CHRYSLER","300 (2015 MY)",0.73
"CHRYSLER","300 Awd",2.58
"CHRYSLER","300 AWD",2.6
"CHRYSLER","300/SRT-8",3.15
"CHRYSLER","500",1.13
"CHRYSLER","ASPEN HYBRID 4WD",4.57
"CHRYSLER","Caravan 2011 MY",0.78
"CHRYSLER","Caravan 2012 MY",0.97
"CHRYSLER","Caravan 2013 MY",0.37
"CHRYSLER","Charger (2016 MY)",0.86
"CHRYSLER","Dodge Caravan",0.67
"CHRYSLER","Dodge Charger Police",0.36
"CHRYSLER","Grand Caravan (2014 MY)",0.62
"CHRYSLER","Grand Caravan (2015 MY)",1.07
"CHRYSLER","JEEP CHEROKE",1.51
"CHRYSLER","JEEP CHEROKEE",1.05
"CHRYSLER","Pacifica",0.76
"CHRYSLER","PACIFICA AWD",4.42
"CHRYSLER","Pacifica Hybrid",1.02
"CHRYSLER","PT CRUISER",7.07
"CHRYSLER","Ram 1500 2012 MY",1.13
"CHRYSLER","RAM Promaster",0.23
"CHRYSLER","RAM ProMaster",0.23
"CHRYSLER","Sebring",0.71
"CHRYSLER","Sebring Convertible",3.45
"CHRYSLER","SEBRING CONVERTIBLE",2.47
"CHRYSLER","Town & Country",4.19
"CHRYSLER","TOWN & COUNTRY FWD",2.41
"DART","Dart",3.64
"DART","Dodge",0.9
"DODGE","3500",0.07
"DODGE","Avenger",1.08
"DODGE","CALIBER AWD",1.98
"DODGE","Challenger",3.58
"DODGE","Challenger SRT8",3.94
"DODGE","Charger AWD",2.88
"DODGE","Charger SRT",5.01
"DODGE","Charger SRT8",3.79
"DODGE","Dart",4.39
"DODGE","Dart GT",2.68
"DODGE","Durango 4WD",2.06
"DODGE","Durango AWD",2.99
"DODGE","Durango SRT AWD",2.47
"DODGE","Grand Caravan",1.84
"DODGE","Journey",4.93
"DODGE","Journey 2wd",0.69
"DODGE","JOURNEY 2WD",1
"DODGE","MAGNUM",3.28
"DODGE","MAGNUM AWD",1.42
"DODGE","Nitro",1.69
"DODGE","PF",5.19
"DODGE","RAM-2500",0.15
"DODGE","RAM - 2500",0.13
"DODGE","RAM - 3500",0.18
"DODGE","Ram 1500 2WD",2.2
"DODGE","Ram 1500 4WD",5.75
"DODGE","RAM 1500 PICKUP",2.01
"DODGE","RAM 1500 PICKUP 2WD",1.76
"DODGE","Ram 1500 Pickup 4wd",3.56
"DODGE","RAM 1500 PICKUP 4WD",2.9
"DODGE","RAM Cab Chas 2wd",2.67
"DODGE","RAM Pickup 2WD",1.62
"DODGE","RAM Pickup 4WD",0.85
"DODGE","VIPER CONVERTIBLE",3.5
"DODGE","Viper SRT",7.41
"FCA US","Charger (2018 MY)",1.72
"FCA US","Promaster 3500 (MY 2016)",1.68
"FERRARI","2015 458 Aparta",0.56
"FERRARI","458 Italia Spyder",1.936
"FERRARI","488 GTB",0.74
"FERRARI","488 Special Series Spider",0.83
"FERRARI","599",0.34
"FERRARI","599 GTB FIORANO",1.96
"FERRARI","599 SA Aperta",1.904
"FERRARI","812 Superfast",1.49
"FERRARI","California",2.193
"FERRARI","California T",0.74
"FERRARI","F12 BERLINETTA",1.31
"FERRARI","FF",1.24
"FERRARI","GTC4Lusso",0.98
"FERRARI","GTC4Lusso T",0.985
"FERRARI","LaFerrari",2.06
"FERRARI","LaFerrari Aperta",1.77
"FIAT","500",4.43
"FIAT","500L",4.15
"FIAT","Alfa 4c",1.37
"FORD","1.0L EcoSport",0.96
"FORD","2017 F250 SuperCab",2.62
"FORD","C-Max (PHEV)",1.06
"FORD","Continental (2017 MY)",5.47
"FORD","Crown Vic",0.24
"FORD","CROWN VIC POLICE FFV",1.87
"FORD","Crown Victoria",0.67
"FORD","Crown Victoria 2010 MY",0.09
"FORD","CROWN VICTORIA MY 2010",0.21
"FORD","CROWN VICTORIA POLICE FFV",0.38
"FORD","E-350",1.97
"FORD","E-350 VAN",1.13
"FORD","E 350",1.47
"FORD","E250",1.11
"FORD","E350",3.13
"FORD","E350 Chassis Cab (2019 MY)",1.83
"FORD","E350 CLUB WAGON",0.63
"FORD","E350 Cutaway",2.5
"FORD","E350 CUTAWAY DRW",4.54
"FORD","E350 CUTAWAY FFV",3.31
"FORD","E350 EXTENDED WAGON",3.36
"FORD","E350 VAN",2.89
"FORD","E350 VAN FFV",1.39
"FORD","ECONOLINE 250/350",1.11
"FORD","EcoSport",5.05
"FORD","Edge",6.26
"FORD","Edge AWD",1.78
"FORD","EDGE AWD",3.54
"FORD","Escape",1.24
"FORD","Escape 2010 MY",0.95
"FORD","Escape 2012 MY",1.62
"FORD","ESCAPE 4X4",3.06
"FORD","Escape AWD",3.54
"FORD","Escape FWD",4.5
"FORD","ESCAPE FWD",3.54
"FORD","Escape FWD FFV",2.16
"FORD","Expedition",1
"FORD","Explorer",2.5
"FORD","EXPLORER",1.67
"FORD","Explorer (2014 MY)",2.16
"FORD","EXPLORER 4WD",1.79
"FORD","EXPLORER 4X4",2.88
"FORD","Explorer AWD",2.49
"FORD","Explorer FWD",2.09
"FORD","Explorer Police FFV, AWD",3.23
"FORD","Explorer Police FHEV",0.95
"FORD","F-150",1.84
"FORD","F-150 4X4",3.76
"FORD","F-150 4X4 SUPER CAB-MAX",1.2
"FORD","F-150 4X4 Supercab",0.42
"FORD","F-150 FFV 4X4",0.72
"FORD","F-150 FFV 4X4 Supercab",1.58
"FORD","F-150 RAPTOR",3.85
"FORD","F-150 Super Cab Max",2.05
"FORD","F-250",2.5
"FORD","F-250 PICKUP 4WD",1.67
"FORD","F-350",2.65
"FORD","F-350 4X4 DRW",2.59
"FORD","F150",2.4
"FORD","F150-Super Cab gas 4x4",1.73
"FORD","F150 (2015 MY)",0.74
"FORD","F150 2009 MY",0.95
"FORD","F150 2011MY",0.45
"FORD","F150 2012 MY",0.75
"FORD","F150 2013 MY",0.32
"FORD","F150 4WD",0.24
"FORD","F150 4x4",0.09
"FORD","F150 4X4",2.75
"FORD","F150 4X4 SUPER CAB",1.71
"FORD","F150 FFV 4X4",0.68
"FORD","F150 Pickup",0.89
"FORD","F150 PICKUP 2WD",4.47
"FORD","F150 PICKUP 4WD",3.78
"FORD","F150 Super Cab",1.347
"FORD","F150 Super Cab (2018 MY)",0.43
"FORD","F150 Super Cab 4x4",0.49
"FORD","F150 Super Cab 4X4",1.32
"FORD","F150 Super Cab 4x4 (2014 MY)",0.61
"FORD","F150 Super Crew Cab (2018 MY)",0.19
"FORD","F150 Super Crew Cab 4x4",2.08
"FORD","F150 SuperCrew Cab 4X4",2.18
"FORD","F250",3.23
"FORD","F250 (2016 MY)",2.88
"FORD","F250 2010 MY",3.95
"FORD","F250 2WD Bed Delete",0.76
"FORD","F250 4x4",1.63
"FORD","F250 PICKUP 4x4",11.27
"FORD","F250 Super Cab",0.7
"FORD","F350",2.43
"FORD","F350 4WD Chassis Cab DRW",2.4
"FORD","F350 4WD DRW INCOMP",3.15
"FORD","F350 4x4",3.21
"FORD","F350 4x4 2016 MY",3.29
"FORD","F350 4X4 CHASSIS SRW",1.36
"FORD","F350 4X4 SRW, BOX DELETE",0.56
"FORD","F350 Crew Cab 2011 MY",1.61
"FORD","F350 Crew Cab 4x4 DRW Box Delete 2012 MY",1.36
"FORD","F350 Incomplete 4x4",6.19
"FORD","F350HD",2.17
"FORD","FIESTA",7.62
"FORD","Fiesta ST",1.71
"FORD","FLEX",1.97
"FORD","Focus",2.1
"FORD","FOCUS",2.77
"FORD","Focus 2010 MY",0.63
"FORD","Focus RS",2.74
"FORD","Ford Explorer",1.44
"FORD","FORD FLEX",2.03
"FORD","Fusion",1.16
"FORD","Fusion (PHEV)",0.41
"FORD","Fusion FWD",1.38
"FORD","FUSION FWD",1.3
"FORD","Grand Marquis",1.04
"FORD","GT",1.43
"FORD","MKT",2.18
"FORD","MKZ",0.97
"FORD","MKZ (HEV)",2.72
"FORD","MKZ AWD",3.07
"FORD","Mustang",3.44
"FORD","MUSTANG",6.14
"FORD","Navigator 2010 MY",1.07
"FORD","Police Interceptor FFV",3.46
"FORD","Police Interceptor Sedan FFV",2.41
"FORD","Police Responder Hybrid Sedan FHEV",0.43
"FORD","Ranger - Chassis Cab",1.36
"FORD","Ranger 2WD",1.63
"FORD","Ranger Pickup 2WD",2.66
"FORD","RANGER PICKUP 2WD",3.79
"FORD","RANGER PICKUP 4WD",2.71
"FORD","T150 WAGON",0.45
"FORD","T250",0.17
"FORD","T250 Transit (2015 MY)",1.27
"FORD","T250 Transit Van MDPV",1.35
"FORD","T350 Chassis Cab",0.14
"FORD","T350 FFV Van",2.49
"FORD","T350 Transit Van",2.71
"FORD","T350 TRANSIT VAN",0.63
"FORD","T350 Van",0.64
"FORD","T350 Van Simulating DRW Chassis Cab",5.28
"FORD","Taurus Police FFV AWD",1.78
"FORD","Transit",2.71
"FORD","Transit Connect",1.81
"FORD","TRANSIT CONNECT",3.07
"FORD","Transit Connect (2013 MY)",0.31
"FORD","Transit Connect (2014 MY)",0.82
"FORD","Transit Connect (2016 MY)",0.82
"FORD","Transit Connect 2011 MY",0.04
"FORD","Transit Connect FWD",3.86
"FORD","TRANSIT CONNECT WAGON LWB",1.92
"FORD","TRANSIT CONNECT WAGON LWB FFV",1.62
"FORD","TRANSIT FWD",2.9
"FORD","Transit T150",9.48
"FORD","Transit T150 Wagon",0.6
"FORD","TRANSIT T150 WAGON FFV",8.04
"FORD","Transit T250",0.87
"FORD","Transit T350",16.613
"FORD","TRANSIT T350 CHASSIS CAB",1.06
"FORD","TRANSIT T350 CHASSIS CAB FFV",1.77
"GENERAL MOTORS","G3500 EXPRESS 2WD CARGO",1.68
"GENERAL MOTORS","Silverado",1.39
"GENERAL MOTORS","SILVERADO",4.731
"GENERAL MOTORS","Silverado 2012 MY",1.2
"GENESIS","G70",2.76
"GENESIS","G90",1.61
"GM","Sierra",0.36
"GMC","1LJ26",2.89
"GMC","2010 Sierra 2500 HD",2.62
"GMC","ACADIA AWD",6.58
"GMC","ACADIA FWD",7.91
"GMC","CANYON 4WD",8.47
"GMC","CANYON CAB CHASSIS 2WD",7.2
"GMC","Express Van",0.54
"GMC","G2500 Savana Cargo Van 2010 MY",0.4
"GMC","K10 SIERRA 4WD",4.11
"GMC","K10 SIERRA 4WD AT4",0.26
"GMC","K10 SIERRA 4WD CAB CHASSIS",1.24
"GMC","K15 SIERRA 4WD",1.48
"GMC","K1500 Yukon XL",0.79
"GMC","K1500 YUKON XL 4WD",2.19
"GMC","K25 SIERRA 4WD",0.59
"GMC","Sierra",1.43
"GMC","SIERRA 4WD AT4",1.23
"GMC","Sierra Denali",0.7
"GMC","TC10906",4.64
"GMC","TERRAIN",1.19
"GMC","TERRAIN AWD",9.54
"GMC","TK20906",6.89
"GMC","TK30903",7.75
"HONDA","ACCORD",1.7
"HONDA","ACCORD CROSSTOUR 4WD EX-L",1.48
"HONDA","ACCORD EX-L SEDAN",1.91
"HONDA","ACCORD EX/EX-L SEDAN",2.8
"HONDA","ACCORD HYBRID",0.501
"HONDA","ACCORD L4",1.35
"HONDA","ACCORD PHEV",0.36
"HONDA","Accord Wagon",1.16
"HONDA","CIVIC",5.42
"HONDA","CIVIC 2.0L",0.65
"HONDA","CIVIC 2DR",0.55
"HONDA","CIVIC 2DR COUPE 1.5L",0.98
"HONDA","CIVIC 2DR COUPE 2.0L",0.4
"HONDA","CIVIC 4DR SEDAN 2.0L",0.54
"HONDA","CIVIC 5DR",5.9692
"HONDA","CIVIC 5DR Type-R",0.92
"HONDA","CIVIC EX",6.66
"HONDA","CIVIC GX",0.46
"HONDA","CIVIC HYBRID",3.84
"HONDA","CIVIC Si",0.48
"HONDA","CIVIC SI",2.15
"HONDA","Clarity Plug-in Hybrid",0.31
"HONDA","CR-V 1.5L TC",0.3
"HONDA","CR-V 2.4L",0.56
"HONDA","CR-V 4WD EX/EXL",6.06
"HONDA","CR-V 4WD EXL",1.59
"HONDA","CR-Z",0.49
"HONDA","CR-Z EX",0.63
"HONDA","ELEMENT 4WD",4.42
"HONDA","FCX Clarity",0
"HONDA","FIT",1.05
"HONDA","FIT EV",0
"HONDA","FIT EX",1.92
"HONDA","FIT SPORT",3.33
"HONDA","HR-V 4WD",1.94
"HONDA","HR-V AWD",2.104
"HONDA","INSIGHT",0.31
"HONDA","INSIGHT EX",2.14
"HONDA","INSIGHT TOP",1.7
"HONDA","MDX HYBRID",1.413
"HONDA","ODYSSEY",0.9
"HONDA","ODYSSEY EXL",2.27
"HONDA","ODYSSEY FWD",0.66
"HONDA","ODYSSEY TOURING",1.34
"HONDA","PILOT",1.84
"HONDA","PILOT 4WD 9AT",0.95
"HONDA","PILOT 4WD TOURING",1.41
"HONDA","PILOT TOURING",3.18
"HONDA","RIDGELINE",2.04
"HONDA","RIDGELINE AWD",1.014
"HONDA","RIDGELINE RT/RTS/LX/EX/RTL/EX-L",3.72
"HONDA","RLX",0.59
"HONDA","TLX V6 AWD",0.84
"HPG IMPALA","HPG IMPALA",0.63
"HUMMER","RN15306",7.79
"HUMMER","RN15543",4.94
"HUMMER","RN25736",7.54
"HYUNDAI","Accent",2.969
"HYUNDAI","ACCENT",1.514
"HYUNDAI","ACCENT BLUE",0.395
"HYUNDAI","Azera",0.775
"HYUNDAI","AZERA",3.973
"HYUNDAI","Azera Limited",0.71
"HYUNDAI","Elantra",3.5561
"HYUNDAI","ELANTRA",2.305
"HYUNDAI","ELANTRA BLUE",1.9
"HYUNDAI","Elantra GT",1.8
"HYUNDAI","Elantra Limited",2.49
"HYUNDAI","ELANTRA TOURING",2.342
"HYUNDAI","Equus",4.75
"HYUNDAI","EQUUS",1.785
"HYUNDAI","G80",4.0023
"HYUNDAI","G90",1.48
"HYUNDAI","Genesis",3.87
"HYUNDAI","GENESIS",3.735
"HYUNDAI","Genesis Coupe",3.426
"HYUNDAI","GENESIS COUPE",3.187
"HYUNDAI","Genesis R Spec",1.652
"HYUNDAI","GENESIS R SPEC",0.51
"HYUNDAI","IONIQ PHEV",0.87
"HYUNDAI","Kona",0.59
"HYUNDAI","KONA",3.18
"HYUNDAI","Palisade",1.31
"HYUNDAI","Santa Fe",3.03
"HYUNDAI","SANTA FE",6.385
"HYUNDAI","Santa Fe Sport",2.981
"HYUNDAI","Santa Fe Ultimate",1.3337
"HYUNDAI","Santa Fe XL Ultimate",0.42
"HYUNDAI","Sonata",4.66
"HYUNDAI","SONATA",3.41
"HYUNDAI","Sonata hybrid",0.81
"HYUNDAI","SONATA HYBRID",1.422
"HYUNDAI","SONATA HYBRID LIMITED",2.352
"HYUNDAI","SONATA PLUG-IN HYBRID",1.04
"HYUNDAI","Tucson",5.28
"HYUNDAI","TUCSON",4.586
"HYUNDAI","Veloster",1.984
"HYUNDAI","VELOSTER",1.0128
"HYUNDAI","Veloster N",1.5049
"HYUNDAI","Venue",0.57
"HYUNDAI","VERACRUZ",4.428
"INFINITI","INFINITI EX35 AWD Journey",5.38
"INFINITI","INFINITI EX37 AWD Journey",3.14
"INFINITI","INFINITI FX35 AWD",5.47
"INFINITI","INFINITI FX37 AWD",3.12
"INFINITI","INFINITI FX50 AWD",4.16
"INFINITI","INFINITI G25x",3.84
"INFINITI","INFINITI G37 CONVERTIBLE Journey",4.33
"INFINITI","INFINITI G37 CONVERTIBLE JOURNEY",2.45
"INFINITI","INFINITI G37x Coupe AWD",1.89
"INFINITI","INFINITI G37X COUPE AWD",5.02
"INFINITI","INFINITI JX35 AWD",3.38
"INFINITI","INFINITI M35h",2.94
"INFINITI","INFINITI M35x AWD",5.32
"INFINITI","INFINITI M37 Base",1.14
"INFINITI","INFINITI M37X Base",1.4
"INFINITI","INFINITI M45x AWD",3.78
"INFINITI","INFINITI M56x",1.2
"INFINITI","INFINITI M56X Base",1.28
"INFINITI","INFINITI Q50 AWD PREMIUM",2.23
"INFINITI","INFINITI Q50S AWD SPORT",1.67
"INFINITI","INFINITI Q50S Q50 HYBRID SPORT AWD",2.41
"INFINITI","INFINITI Q70 3.7 AWD",0.9
"INFINITI","INFINITI Q70 AWD 5.6",2.412
"INFINITI","INFINITI QX30 AWD Base",0.79
"INFINITI","INFINITI QX56 4WD",3.47
"INFINITI","INFINITI QX60 AWD",4.68
"INFINITI","INFINITI QX70 AWD",3.67
"INFINITI","INFINITI QX80 2WD",2.25
"INFINITI","INFINITI QX80 4WD",2.69
"INFINITI","INFINITI QX80 4WD LIMITED",6.1
"INFINITI","Q50 AWD RED SPORT",1.64
"INFINITI","Q50 HYBRID AWD",1.2
"INFINITI","Q70",0.57
"INFINITI","Q70 4WD",0.53
"INFINITI","Q70 AWD",1.16
"INFINITI","QX50 AWD",1.23
"INFINITI","QX60 AWD",5.1138
"INFINITI","QX80 4WD",4.28
"ISUZU","NPR",0.05
"ISUZU","NPR ECOMAX",0.06
"JAGUAR","F-Pace",1.79
"JAGUAR","F-PACE",0.07
"JAGUAR","F-PACE SVR",0.85
"JAGUAR","I-PACE",0
"JAGUAR","I-PACE SE",0
"JAGUAR","S-Type 4.2 Litre",2.7
"JAGUAR","XF",0.96
"JAGUAR","XF-R",1.26
"JAGUAR","XF AWD",1.65
"JAGUAR","XF Supercharged",5.9
"JAGUAR","XJ 3.0",0.89
"JAGUAR","XJ Supercharged",3.75
"JAGUAR","XJL 3.0 FFV",1.61
"JEEP","Cherokee",7.95
"JEEP","Cherokee 4X4",6.01
"JEEP","Cherokee 4x4 Active Drive II",3.2
"JEEP","Cherokee Trailhawk 4X4",6.01
"JEEP","COMMANDER 2WD",4.26
"JEEP","COMMANDER 4WD",1.99
"JEEP","Compass 4X4",4.55
"JEEP","Grand Cherokee",8.36
"JEEP","Grand Cherokee 4wd",1.69
"JEEP","Grand Cherokee 4WD",5.64
"JEEP","Grand Cherokee 4X4",1.29
"JEEP","Grand Cherokee SRT8 4x4",2.35
"JEEP","Grand Cherokee Trackhawk 4x4",5.04
"JEEP","Patriot 2wd",1.68
"JEEP","Patriot 4wd",2.85
"JEEP","Patriot 4WD",7.71
"JEEP","PATRIOT 4WD",1.83
"JEEP","Renegade 4x4",3.6
"JEEP","Renegade Trailhawk 4x4",2.8
"JEEP","WRANGLER 4WD",4.94
"JEEP","Wrangler Unlimited 4X4",9.28
"KARMA","Revero",3.6
"KARMA","Revero GT",1.13
"KIA","BORREGO",4.04
"KIA","Cadenza",1.72
"KIA","CK",0.62
"KIA","Forte",3.9812
"KIA","FORTE",5.579
"KIA","Forte 5",2.534
"KIA","Forte ECO",1.721
"KIA","Forte5",1.8026
"KIA","K900",4.6049
"KIA","K900 EX",0.94
"KIA","NIRO",1.05
"KIA","Niro Plug-in",1.56
"KIA","Optima",3.7644
"KIA","OPTIMA",4.046
"KIA","Optima Hybrid",0.41
"KIA","OPTIMA PLUG-IN HYBRID",0.42
"KIA","Rio",0.41
"KIA","RIO",2.613
"KIA","Rio ECO",1.11
"KIA","RIO ECO",1.445
"KIA","RONDO",3.52
"KIA","Sedona",0.844
"KIA","SEDONA",2.19
"KIA","Sedona SXL",0.9633
"KIA","Sorento",6.293
"KIA","SORENTO",5.84
"KIA","Soul",4.29
"KIA","SOUL",1.347
"KIA","SOUL ECO",1.593
"KIA","Soul ECO dynamics",1.01
"KIA","Sportage",7.27
"KIA","SPORTAGE",6.564
"KIA","Stinger",4.2039
"KIA","Telluride",0.79
"KOENIGSEGG","Agera RS",3.32
"KOENIGSEGG","CC-X Agera",2.77
"LAMBORGHINI","834",4.886
"LAMBORGHINI","AVENTADOR",4.886
"LAMBORGHINI","Aventador SVJ",4.397
"LAMBORGHINI","Huracan",2.57
"LAMBORGHINI","Huracan performante",2.15
"LAMBORGHINI","Huracan spyder",0.955
"LAMBORGHINI","Huracan Superleggera",1.4
"LAMBORGHINI","LB83X",4.819
"LAMBORGHINI","MUCIELAGO COUPE",0.81
"LAMBORGHINI","MURCIELAGO",2.02
"LAMBORGHINI","Urus",1.11
"LAND ROVER","Discovery",0.17
"LAND ROVER","Discovery Sport 250PS",1.33
"LAND ROVER","LR2",2.09
"LAND ROVER","LR4",0.43
"LAND ROVER","Range Rover",0.82
"LAND ROVER","Range Rover 3.0 PZEV",2.07
"LAND ROVER","Range Rover Evoque",2.61
"LAND ROVER","Range Rover Evoque Cabriolet",6.29
"LAND ROVER","Range Rover LWB",0.7
"LAND ROVER","Range Rover Sport",3.89
"LAND ROVER","Range Rover Supercharged",2.37
"LANDI RENZO USA","F350 4WD BED DELETE",0.37
"LANDI RENZO USA","K3500 SIERRA 4WD  Pick-up",1.83
"LEXUS","CT 200h",1
"LEXUS","ES 300h",0.69
"LEXUS","ES 350",1.4
"LEXUS","GS 200t F SPORT",1.91
"LEXUS","GS 350",1.41
"LEXUS","GS 350 AWD",2.3
"LEXUS","GS 450h",1.63
"LEXUS","GS F",1.02
"LEXUS","GX 460",3.91
"LEXUS","HS 250h",1.08
"LEXUS","IS 250/IS 250C",1.42
"LEXUS","IS 300",1.44
"LEXUS","IS 350 AWD",1.01
"LEXUS","IS 350/IS 350C",1.55
"LEXUS","IS F",2.06
"LEXUS","LC 500",1.47
"LEXUS","LC 500h",0.86
"LEXUS","LFA",3.5
"LEXUS","LS 460 AWD",2.42
"LEXUS","LS 460 L AWD",1.95
"LEXUS","LS 500 AWD",1.53
"LEXUS","LS 500h AWD",1.22
"LEXUS","LS 600h L",1.97
"LEXUS","LX 570",3.11
"LEXUS","NX 200t AWD F SPORT",0.66
"LEXUS","NX 300 AWD F SPORT",0.79
"LEXUS","NX 300h AWD",1.46
"LEXUS","RC 350 AWD",0.58
"LEXUS","RC F",0.98
"LEXUS","RX 350 AWD",1.71
"LEXUS","RX 450h AWD",2.8
"LEXUS","SC 430",2.52
"LEXUS","UX 200",1.28
"LEXUS","UX 250h AWD",0.43
"LINCOLN","Aviator",0.8
"LINCOLN","Continental",3.82
"LINCOLN","Corsair",0.9
"LINCOLN","MKC",2.2
"LINCOLN","MKC  AWD",2.25
"LINCOLN","MKT",4.55
"LINCOLN","MKTLivery",2.53
"LINCOLN","MKX AWD",6.5513
"LINCOLN","MKZ (HEV)",0.562
"LINCOLN","Nautilus",0.66
"LINCOLN","NAVIGATOR 4WD FFV",3.34
"LINCOLN","NAVIGATOR 4X4 EXT",2.9
"LINCOLN","NAVIGATOR 4X4 EXT.",3.4
"LINCOLN","Town Car",0.5
"LINCOLN","TOWN CAR",0.82
"LINCOLN","TOWN CAR FFV",0.8
"LINCOLN-MERCURY","MILAN",3.49
"LINCOLN-MERCURY","MKT",4.29
"LINCOLN-MERCURY","TOWN CAR",5.68
"LOTUS","Elise/Exige",1.88
"LOTUS","EVORA",4.5041
"LOTUS","Evora 400",1.83
"LOTUS","Evora GT",5.04
"MAHINDRA","TR40",0.1513
"MASERATI","Granturismo Conv",0.742
"MASERATI","LEVANTE GTS",0.83
"MASERATI","Levante S",1.88
"MASERATI","LEVANTE S",1.5
"MASERATI","Levante Trofeo",0.54
"MASERATI","LEVANTE Trofeo",1.03
"MASERATI","LEVANTE TROFEO",0.52
"MASERATI","Quattroporte GTS",2.33
"MASERATI","QUATTROPORTE GTS",1.94
"MASERATI","QUATTROPORTE GTS V8",1.13
"MASERATI","QUATTROPORTE S",1.36
"MASERATI","QUATTROPORTE S V6 RWD",2.28
"MASERATI","QUATTROPORTE SQ4 V6",3.67
"MAZDA","6",1.36
"MAZDA","CX-3",0.63
"MAZDA","CX-5",1.36
"MAZDA","CX-7",5.11
"MAZDA","CX-9",6.38
"MAZDA","CX-9 AWD",1.42
"MAZDA","Mazda 3 DI 5-Door",3.16
"MAZDA","Mazda2",1.94
"MAZDA","MAZDA2",2.22
"MAZDA","Mazda3",5.85
"MAZDA","MAZDA3",3.36
"MAZDA","Mazda5",6.27
"MAZDA","MAZDA5",7.04
"MAZDA","MAZDA6",3.59
"MAZDA","Mazdaspeed3",4.94
"MAZDA","MX-5",4.69
"MAZDA","RX-8",4.12
"MBV","MV-1",4.18
"MCLAREN","570S Coupe",4.27
"MCLAREN","720S Coupe",1.98
"MCLAREN","GT",0.42
"MCLAREN","MP4-12C",0.59
"MCLAREN","MP4-12C Coupe",2.06
"MCLAREN","P1",1.49
"MERCEDES-BENZ","2009 Mercedes-Benz SLR McLaren Stirling Moss",1.16
"MERCEDES-BENZ","200SLK",0.81
"MERCEDES-BENZ","A 220 4MATIC",0.5543
"MERCEDES-BENZ","AMG C 63 (convertible)",0.8
"MERCEDES-BENZ","AMG C 63 4MATIC",0.71
"MERCEDES-BENZ","AMG E 63 S 4MATIC (station wagon)",1.2
"MERCEDES-BENZ","AMG E53 4MATIC+ (Station Wagon)",0.57
"MERCEDES-BENZ","AMG G 63",2.56
"MERCEDES-BENZ","AMG G65",1.73
"MERCEDES-BENZ","AMG GLA 45 4MATIC",1.25
"MERCEDES-BENZ","AMG GLC 43 4MATIC (coupe)",0.94
"MERCEDES-BENZ","AMG GLS 63",2.38
"MERCEDES-BENZ","AMG GT 53 4MATIC+",0.4849
"MERCEDES-BENZ","AMG GT 63 S 4MATIC+",1.2173
"MERCEDES-BENZ","AMG GT R (coupe)",0.72
"MERCEDES-BENZ","AMG SL 63",0.52
"MERCEDES-BENZ","B-class electric drive",0
"MERCEDES-BENZ","B 250",1.3
"MERCEDES-BENZ","C 250 (coupe)",2.64
"MERCEDES-BENZ","C 300 4MATIC",4.52
"MERCEDES-BENZ","C 300 4MATIC (convertible)",0.8
"MERCEDES-BENZ","C 350 e",1.15
"MERCEDES-BENZ","CL 550 4MATIC",0.45
"MERCEDES-BENZ","CL 600",1.25
"MERCEDES-BENZ","CLA 250 4MATIC",0.7055
"MERCEDES-BENZ","CLA 45 AMG 4MATIC",3.43
"MERCEDES-BENZ","CLS 450 4MATIC",1.38
"MERCEDES-BENZ","CLS 550",1.99
"MERCEDES-BENZ","E 350",1.08
"MERCEDES-BENZ","E 350 4Matic",1.3
"MERCEDES-BENZ","E 350 4MATIC",0.39
"MERCEDES-BENZ","E 350 4MATIC (coupe)",3.9
"MERCEDES-BENZ","E 350 4MATIC (station wagon)",6.9
"MERCEDES-BENZ","E 350 4MATIC (Station Wagon)",1.23
"MERCEDES-BENZ","E 350 BLUETEC",0.1
"MERCEDES-BENZ","E 400 4MATIC (station wagon)",0.62
"MERCEDES-BENZ","E 400 HYBRID",3.41
"MERCEDES-BENZ","E 450 4MATIC (station wagon)",1.3882
"MERCEDES-BENZ","E 63 AMG",3.05
"MERCEDES-BENZ","G 500",0.52
"MERCEDES-BENZ","G 55 AMG",0.38
"MERCEDES-BENZ","G 550",2.34
"MERCEDES-BENZ","G 550 4x4",1.97
"MERCEDES-BENZ","G500",0.21
"MERCEDES-BENZ","G500 Open Top",0.19
"MERCEDES-BENZ","G63 AMG 6X6",0.68
"MERCEDES-BENZ","G65",0.34
"MERCEDES-BENZ","GL 350 BLUETEC",0.08
"MERCEDES-BENZ","GL 350 BLUETEC 4MATIC",0.18
"MERCEDES-BENZ","GL 450 4MATIC",3.31
"MERCEDES-BENZ","GLA 250 4MATIC",2.32
"MERCEDES-BENZ","GLA 45 AMG 4MATIC",1.4136
"MERCEDES-BENZ","GLB 250 4MATIC",1.1164
"MERCEDES-BENZ","GLC 300 4MATIC",1.27
"MERCEDES-BENZ","GLC 350e 4MATIC",1.98
"MERCEDES-BENZ","GLE 300 d 4MATIC",0.19
"MERCEDES-BENZ","GLE 350 4MATIC",1.3877
"MERCEDES-BENZ","GLE 450 4MATIC",1.0797
"MERCEDES-BENZ","GLE 550 e 4MATIC",2.8
"MERCEDES-BENZ","GLK 250 BLUETEC 4MATIC",0.18
"MERCEDES-BENZ","GLK 350",3.52
"MERCEDES-BENZ","GLK 350 4MATIC",3.12
"MERCEDES-BENZ","GLS 450 4MATIC",1.6
"MERCEDES-BENZ","Maybach",0.5
"MERCEDES-BENZ","Maybach 62",1.58
"MERCEDES-BENZ","Metris (Passenger Van)",0.9
"MERCEDES-BENZ","ML 250 BlueTEC 4MATIC",0.19
"MERCEDES-BENZ","ML 350 4MATIC",2.71
"MERCEDES-BENZ","ML 350 BLUETEC 4MATIC",0.13
"MERCEDES-BENZ","ML 550 4MATIC",1.95
"MERCEDES-BENZ","ML 63 AMG",4.45
"MERCEDES-BENZ","ML450 HYBRID 4MATIC",2.63
"MERCEDES-BENZ","R 350 4MATIC",3.13
"MERCEDES-BENZ","R 350 BLUETEC",0.09
"MERCEDES-BENZ","S 350 BLUETEC 4MATIC",0.09
"MERCEDES-BENZ","S 400 4MATIC",1.5
"MERCEDES-BENZ","S 400 HYBRID",1.13
"MERCEDES-BENZ","S 450 4MATIC",1.3
"MERCEDES-BENZ","S 550 4MATIC",2.01
"MERCEDES-BENZ","S 550 e",2.27
"MERCEDES-BENZ","S 560 4MATIC Maybach",0.63
"MERCEDES-BENZ","S 560e",0.39
"MERCEDES-BENZ","S 600",2.9
"MERCEDES-BENZ","S 63 AMG 4MATIC",0.91
"MERCEDES-BENZ","S65",0.13
"MERCEDES-BENZ","SL 63 AMG",2.34
"MERCEDES-BENZ","SL500",1.47
"MERCEDES-BENZ","SLC 300",1.3902
"MERCEDES-BENZ","SLK 300",1.81
"MERCEDES-BENZ","SLK 55 AMG",1.15
"MERCEDES-BENZ","SLR",0.43
"MERCEDES-BENZ","smart ForTwo (convertible)",0.82
"MERCEDES-BENZ","Smart Fortwo (Coupe)",1.42
"MERCEDES-BENZ","smart fortwo electric drive (convertible)",0
"MERCEDES-BENZ","Smart Fortwo Electric Drive (convertible)",0
"MERCEDES-BENZ","Smart Fortwo Electric Drive (coupe)",0
"MERCEDES-BENZ","Sprinter 2500 / Freightliner Sprinter 2500",13.42
"MERCEDES-BENZ","Sprinter 2500 4x4/Freightliner 2500 4x4",0.06
"MERCEDES-BENZ","Sprinter 2500 4x4/Freightliner Sprinter 2500 4x4",0.03
"MERCEDES-BENZ","Sprinter 2500 CDI 4x4/Freightliner 2500 4x4",0.08
"MERCEDES-BENZ","Sprinter 3500 /Freightliner 3500",0.06
"MERCEDES-BENZ","Sprinter 3500 /Freightliner Sprinter 3500",0.04
"MERCEDES-BENZ","Sprinter 3500 CDI 4x4/Freightliner 3500 4x4",0.08
"MERCEDES-BENZ","Sprinter 3500 CDI/Freightliner 3500",0.09
"MERCEDES-BENZ","Sprinter 3500 XD /Freightliner Sprinter 3500 XD",0.04
"MERCEDES-BENZ","Sprinter 3500 XD 4x4 /FL Sprinter 3500 XD 4x4",0.04
"MERCURY","Mariner 4X4",2.18
"MERCURY","MARINER HEV 4X4",1.38
"MINI","COOPER COUNTRYMAN ALL4",0.54
"MINI","John Cooper Works All4 Countryman",3.32
"MINI","JOHN COOPER WORKS CLUBMAN ALL4",1.17
"MINI","JOHN COOPER WORKS CONVERTIBLE",0.58
"MINI","JOHN COOPER WORKS COUNTRYMAN ALL4",1.55
"MINI","Mini Cooper",4.19
"MINI","Mini Cooper (3-doors)",0.5
"MINI","Mini Cooper (5-doors)",3.17
"MINI","Mini Cooper Clubman",0.95
"MINI","Mini Cooper Convertible",1.75
"MINI","Mini Cooper Countryman",4.48
"MINI","Mini Cooper Countryman ALL4",0.84
"MINI","Mini Cooper S",3.87
"MINI","Mini Cooper S (3-doors)",0.74
"MINI","Mini Cooper S (5-doors)",0.82
"MINI","Mini Cooper S Clubman",1.3
"MINI","Mini Cooper S Countryman All4",1.6
"MINI","Mini Cooper S Countryman ALL4",1.22
"MINI","Mini Cooper SE Countryman ALL4",1.74
"MINI","Mini John Cooper Works Convertible",2.17
"MINI","MINI John Cooper Works Hardtop",0.98
"MITSUBISHI","ECLIPSE CROSS 4WD",1.618
"MITSUBISHI","ECLIPSE SPYDER",5.217
"MITSUBISHI","ENDEAVOR AWD",4.388
"MITSUBISHI","GALANT",5.108
"MITSUBISHI","LANCER",4.17
"MITSUBISHI","LANCER 4WD",1.965
"MITSUBISHI","LANCER EVOLUTION",3.952
"MITSUBISHI","LANCER SPORTBACK",1.904
"MITSUBISHI","MIRAGE",6.077
"MITSUBISHI","MIRAGE G4",1.011
"MITSUBISHI","OUTLANDER 2WD",4.087
"MITSUBISHI","OUTLANDER 4WD",5.626
"MITSUBISHI","OUTLANDER PHEV",1.539
"MITSUBISHI","OUTLANDER SPORT 2WD",2.978
"MITSUBISHI","OUTLANDER SPORT 4WD",6.82
"MORGAN","Aero 8",3.26
"MOSLER","MT900s",7.1
"MOSLER","Raptor",7.3
"MV","MV-1",7.09
"NISSAN","ALTIMA AWD SR/PLATINUM",0.38
"NISSAN","ALTIMA SR",1.69
"NISSAN","ALTIMA SR/PLATINUM",1.4578
"NISSAN","ARMADA 4WD",6.96
"NISSAN","Frontier (2018 MY)",1.93
"NISSAN","FRONTIER 2WD",5.83
"NISSAN","FRONTIER 4WD",0.31
"NISSAN","FRONTIER 4WD FFV",8.51
"NISSAN","GT-R",3.89
"NISSAN","Kicks",7.48
"NISSAN","KING CAB XE 4X2",5.83
"NISSAN","MAXIMA",3.39
"NISSAN","MURANO AWD",1.35
"NISSAN","NISSAN ALTIMA 2.5 S",2.13
"NISSAN","NISSAN ALTIMA 2.5S",4.22
"NISSAN","NISSAN ALTIMA 2.5SL",2.85
"NISSAN","NISSAN ALTIMA 3.5 SR",4.99
"NISSAN","NISSAN ALTIMA 3.5SL",3.35
"NISSAN","NISSAN ALTIMA 3.5SV",3.54
"NISSAN","NISSAN ALTIMA HYBRID",2.09
"NISSAN","NISSAN ALTIMA HYBRID 4-DOOR SEDAN",2.5
"NISSAN","NISSAN ALTIMA SL",1.22
"NISSAN","NISSAN ALTIMA SR 2.5",1.65
"NISSAN","NISSAN CUBE 1.8 S",3.46
"NISSAN","NISSAN CUBE 1.8 SL",3.03
"NISSAN","NISSAN CUBE 1.8SL",2.36
"NISSAN","NISSAN FRONTIER 2WD S 4-Cyl 5AT",5.6404
"NISSAN","NISSAN FRONTIER 2WD XE",4.77
"NISSAN","NISSAN FRONTIER 4WD C/C PRO-4X",6.38
"NISSAN","NISSAN FRONTIER 4WD K/C PRO-4X",5.5932
"NISSAN","NISSAN GT-R",4.08
"NISSAN","NISSAN JUKE",3.35
"NISSAN","NISSAN JUKE AWD SL",2.54
"NISSAN","NISSAN JUKE SV",4.14
"NISSAN","NISSAN MAXIMA 3.5SV",4
"NISSAN","NISSAN MAXIMA SR",3.14
"NISSAN","NISSAN MAXIMA SV",3.97
"NISSAN","NISSAN MURANO AWD  SL",1.51
"NISSAN","NISSAN MURANO AWD Hybrid SL",1.06
"NISSAN","NISSAN MURANO AWD LE",4.04
"NISSAN","NISSAN MURANO CrossCabriolet Base",4.5
"NISSAN","NISSAN MURANO CrossCabriolet BASE",1.71
"NISSAN","NISSAN NV 3500 SV",1.74
"NISSAN","NISSAN NV1500 Cargo Van S",3.35
"NISSAN","NISSAN NV200 Cargo Van S",4.3106
"NISSAN","NISSAN NV200 NYC Taxi STD",2.91
"NISSAN","NISSAN NV2500 Cargo Van S",1.47
"NISSAN","NISSAN NV2500 M S/R",2.85
"NISSAN","NISSAN NV3500 M S/R",2.1
"NISSAN","NISSAN PATHFINDER 4WD LE",9.53
"NISSAN","NISSAN PATHFINDER 4WD S",3.95
"NISSAN","NISSAN QUEST LE",4.21
"NISSAN","NISSAN ROGUE AWD",1.57
"NISSAN","NISSAN ROGUE AWD SL",3.98
"NISSAN","NISSAN ROGUE AWD SV",4.61
"NISSAN","NISSAN SENTRA 2.0SL",3.41
"NISSAN","NISSAN SENTRA 2.0SR",0.84
"NISSAN","NISSAN SENTRA SE-R",3.43
"NISSAN","NISSAN SENTRA SL",3.74
"NISSAN","NISSAN SENTRA SR",0.81
"NISSAN","NISSAN SENTRA SV",5.76
"NISSAN","NISSAN TITAN  4WD Crew Cab XE LWB",2.36
"NISSAN","NISSAN TITAN 4WD Crew Cab XE LWB",7.18
"NISSAN","NISSAN VERSA 1.6 4AT",4.29
"NISSAN","NISSAN VERSA 1.6 Sedan",3.76
"NISSAN","NISSAN VERSA 1.8SL",4.83
"NISSAN","NISSAN VERSA S",3.2328
"NISSAN","NISSAN VERSA SL",4.92
"NISSAN","NP1500 TITAN XD 4WD",17.5735
"NISSAN","NV200 Cargo Van",3.6
"NISSAN","NV200 NYC Taxi",0.24
"NISSAN","NV2500 Cargo Van",28.74
"NISSAN","NV3500 CARGO VAN",19.39
"NISSAN","NV3500 PASSENGER VAN",40.59
"NISSAN","PATHFINDER 4WD",1.5701
"NISSAN","PATHFINDER 4WD PLATINUM",1.74
"NISSAN","PATHFINDER SE 4X4",9.92
"NISSAN","ROGUE AWD",4.74
"NISSAN","ROGUE AWD Hybrid",2.08
"NISSAN","ROGUE AWD SL",6.28
"NISSAN","Rogue Sport AWD",6.9924
"NISSAN","SENTRA",3.52
"NISSAN","Titan",0.43
"NISSAN","TITAN 4WD Crew Cab LE SWB",3.78
"NISSAN","VERSA",4.31
"PAGANI AUTOMOBILI","PT4",1.02
"PONTIAC","2EP69",2.97
"PONTIAC","2MB67",6.17
"PONTIAC","2ZH69",4.18
"PONTIAC","VIBE",2.11
"PORSCHE","2001 Porsche GT2",0.83
"PORSCHE","2006 911 Carrera S",0.56
"PORSCHE","911 Carrera 3.8L",1.29
"PORSCHE","911 Carrera 4S Cabriolet",1.71
"PORSCHE","911 Carrera S",1.11
"PORSCHE","911 GT2",1.97
"PORSCHE","911 GT3",2.16
"PORSCHE","911 GT3RS 4.0",2.05
"PORSCHE","911 SPORT CLASSIC",0.38
"PORSCHE","911 Targa 4S",0.53
"PORSCHE","911 Turbo S",1.06
"PORSCHE","911 Turbo S Cabriolet",2.54
"PORSCHE","911 Turbo S Exclusive",1.37
"PORSCHE","918 Spyder",1.14
"PORSCHE","Boxster",0.81
"PORSCHE","Boxster GTS",0.5
"PORSCHE","Boxster S",0.41
"PORSCHE","Carrera 2 S Coupe",0.16
"PORSCHE","Cayenne",6.61
"PORSCHE","Cayenne e-Hybrid",0.53
"PORSCHE","Cayenne GTS",6.09
"PORSCHE","Cayenne S",1.27
"PORSCHE","CAYENNE S",0.69
"PORSCHE","Cayenne S e-Hybrid",2.79
"PORSCHE","Cayenne Turbo",1.47
"PORSCHE","Cayenne Turbo S",1.35
"PORSCHE","Cayman",1.843
"PORSCHE","Cayman GTS",1.17
"PORSCHE","Cayman S",0.88
"PORSCHE","Macan",0.71
"PORSCHE","Macan S",0.29
"PORSCHE","Macan Turbo",0.3
"PORSCHE","Panamera",2.35
"PORSCHE","Panamera 4",1.25
"PORSCHE","Panamera 4 e-Hybrid Executive",0.12
"PORSCHE","Panamera 4 e-Hybrid ST",3.56
"PORSCHE","Panamera 4 ST",0.72
"PORSCHE","Panamera 4S",1.39
"PORSCHE","Panamera 4S Executive",1.07
"PORSCHE","Panamera GTS",1.49
"PORSCHE","Panamera S E-Hybrid",1.12
"PORSCHE","Panamera S Hybrid",1.11
"PORSCHE","Panamera Turbo",1.75
"PORSCHE","Panamera Turbo Executive",1.07
"PORSCHE","Panamera Turbo S e-Hybrid Executive",0.28
"PORSCHE","Panamera Turbo S e-Hybrid ST",0.45
"PORSCHE","Panamera Turbo ST",0.17
"QUANTUM IMPALA","Impala dual fuel",3.04
"RAM","1500",0.08
"RAM","1500 4WD",9.14
"RAM","1500 4X4",6.4
"RAM","1500 Classic 4X4",3.17
"RAM","1500 HFE 4X2",1.99
"RAM","2500 4X4",2.78
"RAM","2500 Cab Chassis 4X4",3.8
"RAM","2500 Pickup 4WD",1.11
"RAM","3500 4X4",4.65
"RAM","3500 Cab Chassis 4X4",5.45
"RAM","Promaster 3500",21.62
"RAM","Promaster 3500 Cab Chassis",2.76
"RAM","Ram",7.64
"RAM","RAM",2.28
"ROLLS ROYCE","Cullinan",0.8
"ROLLS ROYCE","Cullinan Black Badge",0.51
"ROLLS ROYCE","Dawn",1.53
"ROLLS ROYCE","Ghost",0.7
"ROLLS ROYCE","Ghost EWB",0.42
"ROLLS ROYCE","Phantom",2.87
"ROLLS ROYCE","Phantom Coupe",2.8
"ROLLS ROYCE","Phantom EWB",4.76
"ROUSH","E350 Cutaway",2.69
"ROUSH","F150",2.88
"ROUSH","F350",1.06
"ROUSH","Stage 3 Mustang",4.53
"RUF","TURBO 12/CTR 3",2.34
"RUF","TURBO 12/CTR 3/CTR 2017",0.9
"SAAB","9-3 SPORT SEDAN",0.28
"SAAB","9-3X SPORTCOMBI AWD",1.8
"SAAB","9-4X FWD",3.82
"SAAB","9-5 SEDAN",2.72
"SAAB","FCH69+F46",6.78
"SATURN","ZLF26",4.4
"SATURN","ZLR26",2.59
"SATURN","ZLT26",3.54
"SATURN","ZLU26",1.14
"SCION","iM",0.96
"SCION","iQ",2.13
"SCION","tC",1.35
"SCION","xB",2.19
"SCION","xD",1.56
"SPYKER","C8",5.7429
"SRT","Viper",5.04
"STI","S209",4.23
"SUBARU","2.5L NA LEV2 SULEV",3.37
"SUBARU","ASCENT LIMITED/TOURING",1.06
"SUBARU","BRZ",5.37
"SUBARU","CROSSTREK",0.78
"SUBARU","FORESTER",3.74
"SUBARU","FORESTER AWD",3.7
"SUBARU","IMPREZA 5-Door",0.55
"SUBARU","IMPREZA AWD",4.04
"SUBARU","LEGACY SDN AWD",3.81
"SUBARU","LEGACY WAGON AWD",3.35
"SUBARU","OUTBACK",1.74
"SUBARU","OUTBACK AWD",3.74
"SUBARU","OUTBACK WAGON AWD",4
"SUBARU","TRIBECA AWD",3.72
"SUBARU","WRX",1.35
"SUBARU","WRX STI",5.33
"SUBARU","XV Crosstrek",2.75
"SUZUKI","GRAND VITARA 4WD",3.9247
"SUZUKI","KIZASHI AWD",1.8
"SUZUKI","SX4 4WD",4.722
"SUZUKI","SX4 AWD",0.1501
"TESLA","100D",0
"TESLA","60D",0
"TESLA","60R",0
"TESLA","75D",0
"TESLA","75R",0
"TESLA","90D",0
"TESLA","Long Range",0
"TESLA","Long Range AWD",0
"TESLA","Mid Range RWD",0
"TESLA","Model 3 Standard Range RWD",0
"TESLA","Model S Long Range",0
"TESLA","Model S Performance (19"" Wheel)",0
"TESLA","Model S Performance (21"" Wheels)",0
"TESLA","Model S Standard Range",0
"TESLA","Model X Long Range",0
"TESLA","Model X Performance (20"" Wheels)",0
"TESLA","Model X Performance (22"" Wheels)",0
"TESLA","Model X Standard Range",0
"TESLA","P100D",0
"TESLA","P90D",0
"TESLA","Standard Range Plus RWD",0
"TOWN & COUNTRY","Town & Country",2.76
"TOYOTA","4RUNNER 4WD",4.3
"TOYOTA","AVALON",0.46
"TOYOTA","AVALON HYBRID",0.52
"TOYOTA","C-HR",1.18
"TOYOTA","CAMRY",1.93
"TOYOTA","CAMRY HYBRID",0.53
"TOYOTA","CAMRY HYBRID LE",0.29
"TOYOTA","Camry Hybrid XLE",0.92
"TOYOTA","CAMRY HYBRID XLE/SE",0.48
"TOYOTA","CAMRY SOLARA CONVERTIBLE",3.63
"TOYOTA","CAMRY XLE/XSE",0.85
"TOYOTA","CAMRY XSE",0.51
"TOYOTA","COROLLA",0.93
"TOYOTA","COROLLA HATCHBACK",1.17
"TOYOTA","COROLLA LE ECO",0.98
"TOYOTA","COROLLA MATRIX",4.48
"TOYOTA","COROLLA XLE",0.76
"TOYOTA","ES 350",1.49
"TOYOTA","FJ CRUISER 4WD",2.42
"TOYOTA","HIGHLANDER",3.89
"TOYOTA","HIGHLANDER 2WD",1.21
"TOYOTA","HIGHLANDER 4WD",4.86
"TOYOTA","HIGHLANDER HYBRID 4WD",2.16
"TOYOTA","HIGHLANDER HYBRID AWD",2.1
"TOYOTA","PRIUS",1.12
"TOYOTA","PRIUS AWD",0.85
"TOYOTA","PRIUS c",1.16
"TOYOTA","PRIUS Plug-in Hybrid",0.47
"TOYOTA","PRIUS PRIME",0.57
"TOYOTA","Prius v",0.12
"TOYOTA","PRIUS v",0.71
"TOYOTA","RAV4",0.26
"TOYOTA","RAV4 4WD",1.42
"TOYOTA","RAV4 AWD",1.3
"TOYOTA","RAV4 AWD TRD OFFROAD",1.39
"TOYOTA","RAV4 HYBRID AWD",0.54
"TOYOTA","RAV4 Limited AWD",1.13
"TOYOTA","RAV4 Limited AWD/SE AWD",2.56
"TOYOTA","RX 450h AWD",1.58
"TOYOTA","SCION xB",0.12
"TOYOTA","Scion xB 2013 MY",0.48
"TOYOTA","SCION xD",4.04
"TOYOTA","SEQUOIA 4WD",5.08
"TOYOTA","SEQUOIA 4WD FFV",7.33
"TOYOTA","SIENNA",1.72
"TOYOTA","Sienna (2015 MY)",0.29
"TOYOTA","SIENNA 4WD",4.56
"TOYOTA","SIENNA AWD",1.87
"TOYOTA","TACOMA 2WD",4.51
"TOYOTA","TACOMA 4WD",4.4
"TOYOTA","TACOMA 4WD D-CAB V6 MT OFF-ROAD",1.56
"TOYOTA","TOYOTA TACOMA 4WD",3.73
"TOYOTA","TOYOTA TUNDRA 2WD",1.72
"TOYOTA","TUNDRA 2WD",2.1
"TOYOTA","TUNDRA 4WD",2.89
"TOYOTA","VENZA 4WD",1.09
"TOYOTA","VENZA AWD",5.73
"TOYOTA","YARIS",2.64
"VOLKSWAGEN","Arteon",0.31
"VOLKSWAGEN","Atlas",4.6531
"VOLKSWAGEN","Audi S3",0.379
"VOLKSWAGEN","Beetle",0.965
"VOLKSWAGEN","Eos",1.95
"VOLKSWAGEN","Golf",2.1802
"VOLKSWAGEN","GOLF",1.54
"VOLKSWAGEN","Golf GTI",0.273
"VOLKSWAGEN","Jetta",4.62
"VOLKSWAGEN","Jetta Hybrid",3.606
"VOLKSWAGEN","JETTA SPORTWAGEN",0.12
"VOLKSWAGEN","Passat",1
"VOLKSWAGEN","PASSAT CC 4MOTION",1.49
"VOLKSWAGEN","Tiguan",4.16
"VOLKSWAGEN","TIGUAN",2.91
"VOLKSWAGEN","Tiguan 4Motion",2
"VOLKSWAGEN","Tiguan AWD",0.51
"VOLKSWAGEN","Touareg",1.75
"VOLVO","C70 T5 FWD",0.91
"VOLVO","S40 2.4i FWD",0.46
"VOLVO","S60 T5 AWD",0.87
"VOLVO","S90 T6 AWD",0.49
"VOLVO","S90 T8 AWD",0.62
"VOLVO","V50 2.4i FWD",0.83
"VOLVO","V60 Polestar AWD",0.35
"VOLVO","XC40 T4 FWD",0.8
"VOLVO","XC40 T5 AWD",0.26
"VOLVO","XC60 3.2 AWD",1.2
"VOLVO","XC60 3.2 AWD PZEV",1.03
"VOLVO","XC60 AWD",0.12
"VOLVO","XC60 T6 AWD",1.66
"VOLVO","XC60 T6 FWD",1.98
"VOLVO","XC90 3.2 AWD",1.28
"VOLVO","XC90 AWD",1.07
"VOLVO","XC90 T5 AWD",0.82
"VOLVO","XC90 T6 AWD",1.16
"VOLVO","XC90 T8 AWD",0.72
"VOLVO","XC90 V8 AWD",1.5
"VPG","MV-1",4.18
"VPG","MV-1 (2013 MY)",1.05
